{
  "0": {
    "name": "new",
    "async": false,
    "defer": false,
    "delay": 0.005,
    "initCount": 1,
    "maxTime": 5,
    "minSamples": 5,
    "minTime": 0.05,
    "options": {
      "async": false,
      "defer": false,
      "delay": 0.005,
      "initCount": 1,
      "maxTime": 5,
      "minSamples": 5,
      "minTime": 0.05
    },
    "id": 2,
    "stats": {
      "moe": 3.6301588384304587e-10,
      "mean": 1.9890590213908246e-8,
      "rme": 1.825063409074767,
      "variance": 3.0530162799585987e-18,
      "deviation": 1.7472882647000747e-9,
      "sem": 1.852121856342071e-10,
      "sample": [
        2.0840657430660073e-8,
        2.032060551207792e-8,
        2.0064815698157052e-8,
        1.92563993398823e-8,
        1.8350481711610895e-8,
        1.9331968236809908e-8,
        1.9639608873033325e-8,
        1.8204775768078473e-8,
        2.2992256769857993e-8,
        1.780364342474588e-8,
        1.8934011083530078e-8,
        1.77538987805859e-8,
        1.9295277151755737e-8,
        2.4301846267176015e-8,
        1.7987098850016722e-8,
        1.9100532161852842e-8,
        1.7754957177270157e-8,
        1.7909483093171365e-8,
        2.1215914334783574e-8,
        1.9346785790389474e-8,
        1.8164203895182037e-8,
        1.870257500857301e-8,
        1.9580691457609804e-8,
        2.1053274044303074e-8,
        1.928187079375518e-8,
        1.819383900234117e-8,
        2.0490559807174237e-8,
        2.069165517718266e-8,
        2.0059086758893e-8,
        2.196137839939375e-8,
        1.8422099887245472e-8,
        1.8104580881969014e-8,
        1.9678063952561248e-8,
        2.0783735688712832e-8,
        1.816279269960303e-8,
        1.7658995877897714e-8,
        1.7848096085484583e-8,
        1.905431550664038e-8,
        1.7700978946373157e-8,
        1.7665699056897993e-8,
        1.9352430572705503e-8,
        1.851276920319664e-8,
        2.117005047846586e-8,
        2.2120490700926735e-8,
        1.9425107145024334e-8,
        1.914357362701254e-8,
        2.008448827931512e-8,
        2.4654997960822388e-8,
        1.999311336557445e-8,
        1.9414523178181787e-8,
        2.5215242605687964e-8,
        2.1050804452039813e-8,
        2.1838604384020185e-8,
        2.318523776528713e-8,
        2.1125597817727156e-8,
        2.1154174528202038e-8,
        2.2749531130268874e-8,
        2.1845307563020467e-8,
        2.132034280763005e-8,
        2.1093845917199513e-8,
        2.0814781991450977e-8,
        2.0032979640681383e-8,
        2.0155400857160195e-8,
        2.0854295467663157e-8,
        2.025877093332242e-8,
        2.179344612549198e-8,
        2.2163884964981182e-8,
        1.904161474642932e-8,
        2.1710538385225347e-8,
        1.7871028013643438e-8,
        2.3764180751574542e-8,
        1.897317176084751e-8,
        1.7901368718592078e-8,
        1.7779300301008017e-8,
        1.9682297539298267e-8,
        1.8091880121757954e-8,
        1.7867500024695925e-8,
        1.9709815853088895e-8,
        1.9213427808173364e-8,
        1.817337666644558e-8,
        1.888038565152783e-8,
        2.219598966440358e-8,
        1.9021152410533726e-8,
        1.8508535616459622e-8,
        1.9298452341808503e-8,
        1.8533937136881737e-8,
        1.9491786136132394e-8,
        2.1470635136794243e-8,
        1.8894850406212646e-8
      ]
    },
    "times": {
      "cycle": 0.05637940058715779,
      "period": 1.9890590213908246e-8,
      "elapsed": 5.481,
      "timeStamp": 1437439911212
    },
    "running": false,
    "count": 2834476,
    "cycles": 6,
    "hz": 50275029.00847872
  },
  "options": {},
  "length": 1
}