{
  "async": false,
  "defer": false,
  "delay": 0.005,
  "initCount": 1,
  "maxTime": 5,
  "minSamples": 5,
  "minTime": 0.05,
  "options": {
    "async": false,
    "defer": false,
    "delay": 0.005,
    "initCount": 1,
    "maxTime": 5,
    "minSamples": 5,
    "minTime": 0.05
  },
  "id": 1,
  "stats": {
    "moe": 1.6761195164230347e-10,
    "rme": 0.8438021226267554,
    "sem": 8.55163018583181e-11,
    "deviation": 8.55163018583181e-10,
    "mean": 1.986389310334129e-8,
    "variance": 7.31303788352298e-19,
    "sample": [
      2.0393727656940906e-8,
      2.0198181027047606e-8,
      2.1268162922788835e-8,
      2.0073127324421402e-8,
      1.9886703108116698e-8,
      2.0708506510317758e-8,
      1.941083755908429e-8,
      1.9407481633292148e-8,
      1.9424665105037882e-8,
      2.0601667227344107e-8,
      2.0630722204221978e-8,
      1.9468399883420435e-8,
      1.966210644706714e-8,
      1.9776833453995256e-8,
      1.951833453995253e-8,
      1.960097813668024e-8,
      1.946515402610328e-8,
      1.9505780532762424e-8,
      1.9378297209686644e-8,
      1.9460781904742712e-8,
      1.9416857607049344e-8,
      1.9440569612109395e-8,
      2.0369184780165352e-8,
      1.965107247001409e-8,
      1.948121239650075e-8,
      1.9488147485555452e-8,
      1.9610290162203727e-8,
      1.9566093018713192e-8,
      2.035059483484303e-8,
      1.9474138946722207e-8,
      1.943370738528462e-8,
      1.9707406600697928e-8,
      1.9473836258415975e-8,
      1.9431130704497967e-8,
      1.9490546629923255e-8,
      1.9438743610873167e-8,
      1.938693516786943e-8,
      2.1124062091871702e-8,
      1.9445560745762634e-8,
      1.9421048349510273e-8,
      1.945649969800201e-8,
      1.938376370468432e-8,
      2.118028834512462e-8,
      1.9422448891828156e-8,
      1.9456051834400495e-8,
      1.9418654448823643e-8,
      1.9491892545279358e-8,
      2.291248721980921e-8,
      1.946353495331332e-8,
      2.0382920279891505e-8,
      1.9428159152747448e-8,
      1.9491129704940795e-8,
      1.9470827071572557e-8,
      1.9417362773004055e-8,
      1.940682519333489e-8,
      1.9475698556802162e-8,
      1.937865085351722e-8,
      1.9405863216412264e-8,
      1.93803698593995e-8,
      1.9380253076140056e-8,
      1.9540654919016952e-8,
      1.937618330577175e-8,
      1.9402241684190312e-8,
      1.9400081155348606e-8,
      1.953912783554891e-8,
      2.0015146546193305e-8,
      2.184745659679537e-8,
      1.943326424545466e-8,
      1.937662702728655e-8,
      1.962277166423833e-8,
      1.955119543454701e-8,
      2.106529985468701e-8,
      2.1162105485691142e-8,
      2.0085248350467205e-8,
      2.0366491514116424e-8,
      1.949844368357003e-8,
      2.5321838648763443e-8,
      2.035253480755225e-8,
      2.136711760285066e-8,
      1.937050514171017e-8,
      1.9431719351175378e-8,
      1.9457426934050826e-8,
      1.947916115725359e-8,
      1.9414285664503944e-8,
      1.9469172776871967e-8,
      1.942480914360586e-8,
      2.041364408810776e-8,
      1.9438132404796375e-8,
      2.124109217443289e-8,
      1.9457458683757818e-8,
      2.0514885385493712e-8,
      2.047195242500003e-8,
      1.9490689011232814e-8,
      1.941674781556208e-8,
      1.9429683110820802e-8,
      1.9503278931630103e-8,
      1.945565243518317e-8,
      2.0436055896520737e-8,
      1.9464910572303955e-8,
      1.9438948217389467e-8
    ]
  },
  "times": {
    "cycle": 0.05130249658189265,
    "elapsed": 5.505,
    "period": 1.986389310334129e-8,
    "timeStamp": 1437701035028
  },
  "running": false,
  "count": 2582701,
  "cycles": 4,
  "hz": 50342598.744240664
}